{
    "elasticsearchDBHost": "ec2-3-6-132-13.ap-south-1.compute.amazonaws.com",
    "elasticsearchDBUserName": "zantmeter",
    "elasticsearchDBPassword": "zantmeter@2019",
    "mongoDBURL": "mongodb://perfassure:perfassure2020@localhost/PerfAssureDB",
    "bcryptSecretKey": "secretKey",
    "tokenExpiryTime": "1d",
    "defaultUserPassword": "pass@123",
    "saltRounds": 10,
    "sessionSecretKey": "sessionSecretKeyZant",
    "maxAge": 86400000,
    "heartbeatTimer": 1,
    "scriptLogPath": "C:/PerfAssure/GitLab/PerfAssure_Node/server/logs/",
    "heartbeatLogFile": "stdout_heartbeat.log",
    "workerLogFile": "stdout_worker.log",
    "nodeAccessLogFile": "access.log",
    "nodeStdoutLogFile": "stdout.log",
    "logFileSize": "10M",
    "logFileInterval": "1d",
    "CIPTS_serverURI": "localhost",
    "CIPTS_port": "5000",
    "CIEEM_serverURI": "localhost",
    "CIEEM_port": "5005",
    "CxPerf_serverURI": "localhost",
    "CxPerf_port": "5002",
    "MobilePerf_serverURI": "localhost",
    "MobilePerf_port": "5003",
    "scrambled_serverURI": "localhost",
    "scrambled_port": "80",
    "scrambledSecretKey": "Zantmeter@123",
    "CIPTS_serverURL": "http://localhost:5000",
    "CIEEM_serverURL": "http://localhost:5005",
    "CxPerf_serverURL": "http://localhost:5002",
    "MobilePerf_serverURL": "http://localhost:5003",
    "CIPTS_mongoDBURL": "mongodb://zantmeter:zantmeter2019@localhost/ZantmeterDB",
    "CIEEM_mongoDBURL": "mongodb://cxperf:cxperf2020@localhost/SynMonDB",
    "CxPerf_mongoDBURL": "mongodb://cxperf:cxperf2020@localhost/CxPerfDB",
    "MobilePerf_mongoDBURL": "mongodb://mobileperf:mobileperf2020@localhost/MobilePerfDB",
    "jarPath": "C:/PerfAssure/GitLab/PerfAssure_Node/security/jar/",
    "LicenseFilePath":"C:/PerfAssure/ftp/license/"
}