{
    "influxDBHost": "172.24.194.190",
    "influxDBUserName": "zantmeter",
    "influxDBPassword": "zantmeter@2019",
    "elasticsearchDBHost": "172.24.194.190",
    "elasticsearchDBUserName": "zantmeter",
    "elasticsearchDBPassword": "zantmeter@2019",
    "mongoDBURL": "mongodb://zantmeter:zantmeter2019@172.24.195.133/ZantmeterDB",
    "customerDB": "mongodb://perfassure:perfassure2020@172.24.195.133/PerfAssureDB",
    "amiName": "",
    "amiImageName": "",
    "lambdaAWSServer": "",
    "defaultRegionCode": "ap-south-1",
    "defaultInstanceType": "t2.medium",
    "defaultKeyName": "",
    "defaultSecurityGroup": "",
    "rServer": "172.24.195.133",
    "bcryptSecretKey": "secretKey",
    "tokenExpiryTime": "7d",
    "defaultUserPassword": "pass@123",
    "saltRounds": 10,
    "RabbitMQHost": "172.24.195.133",
    "RabbitMQUserName": "zantmeter",
    "RabbitMQPassword": "zantmeter2019",
    "queueName": "StopFinalThreadGroup_task_queue",
    "sessionSecretKey": "sessionSecretKeyZant",
    "maxAge": 86400000,
    "heartbeatTimer": 1,
    "scriptLogPath": "C:/PerfAssure/CIPTS_Node/server/logs/",
    "heartbeatLogFile": "stdout_heartbeat.log",
    "workerLogFile": "stdout_worker.log",
    "nodeAccessLogFile": "access.log",
    "nodeStdoutLogFile": "stdout.log",
    "logFileSize": "10M",
    "logFileInterval": "1d",
    "scrambled_serverURI": "172.24.195.133",
    "scrambled_port": "80",
    "scrambledSecretKey": "Zantmeter@123"
}