{
    "influxDBHost":"cpcinchdv000849.cts.com",
    "influxDBUserName":"zantmeter",
    "influxDBPassword":"zantmeter@2019",
    "elasticsearchDBHost":"localhost",
    "elasticsearchDBUserName":"zantmeter",
    "elasticsearchDBPassword":"zantmeter@2019",
    "mongoDBURL":"mongodb://zantmeter:zantmeter2019@localhost/ZantmeterDB",
    "amiName":"ami-0938c4f63a46e2034",
    "amiImageName":"Zantmeter-WinLoadAgent18Jul2019",
    "lambdaAWSServer":"cp10gul8yg.execute-api.ap-south-1.amazonaws.com",
    "defaultRegionCode" :"ap-south-1",
    "defaultInstanceType":"t2.medium",
    "defaultKeyName":"Zantmeter",
    "defaultSecurityGroup":"launch-wizard-6",
    "rServer":"localhost",
    "bcryptSecretKey":"secretKey",
    "tokenExpiryTime":"7d",
    "defaultUserPassword":"pass@123",
    "saltRounds":10,
    "RabbitMQHost":"cpcinchdv000849.cts.com",
    "RabbitMQUserName":"zantmeter",
    "RabbitMQPassword":"zantmeter2019",
    "queueName":"StopFinalThreadGroup_task_queue"
}