{
    "influxDBHost":"localhost",
    "elasticsearchDBHost":"localhost",
    "mongoDBURL":"mongodb://localhost/ZantmeterDB",
    "amiName":"ami-059fb0deba73548b0",
    "lambdaAWSServer":"cp10gul8yg.execute-api.ap-south-1.amazonaws.com",
    "defaultRegionCode" :"ap-south-1",
    "defaultInstanceType":"t2.medium",
    "defaultKeyName":"SynMon_Dev_Mumbai",
    "defaultSecurityGroup":"launch-wizard-6",
    "rServer":"localhost",
    "bcryptSecretKey":"secretKey",
    "tokenExpiryTime":"7d",
    "defaultUserPassword":"pass@123",
    "saltRounds":10,
    "RabbitMQHost":"localhost",
    "queueName":"StopFinalThreadGroup_task_queue"
}