{
    "influxDBHost": "ec2-3-6-132-13.ap-south-1.compute.amazonaws.com",
    "influxDBUserName": "zantmeter",
    "influxDBPassword": "zantmeter@2019",
    "elasticsearchDBHost": "ec2-3-6-132-13.ap-south-1.compute.amazonaws.com",
    "elasticsearchDBUserName": "zantmeter",
    "elasticsearchDBPassword": "zantmeter@2019",
    "mongoDBURL": "mongodb://zantmeter:zantmeter2019@ec2-3-6-132-13.ap-south-1.compute.amazonaws.com/ZantmeterDB",
    "customerDB": "mongodb://perfassure:perfassure2020@ec2-3-6-132-13.ap-south-1.compute.amazonaws.com/PerfAssureDB",
    "amiName": "ami-053f4526e3bf1b4c9",
    "amiImageName": "Zantmeter-WinLoadAgent06Nov2019",
    "lambdaAWSServer": "cp10gul8yg.execute-api.ap-south-1.amazonaws.com",
    "defaultRegionCode": "ap-south-1",
    "defaultInstanceType": "t2.medium",
    "defaultKeyName": "Zantmeter",
    "defaultSecurityGroup": "launch-wizard-6",
    "rServer": "ec2-3-6-132-13.ap-south-1.compute.amazonaws.com",
    "bcryptSecretKey": "secretKey",
    "tokenExpiryTime": "7d",
    "defaultUserPassword": "pass@123",
    "saltRounds": 10,
    "RabbitMQHost": "ec2-3-6-132-13.ap-south-1.compute.amazonaws.com",
    "RabbitMQUserName": "zantmeter",
    "RabbitMQPassword": "zantmeter2019",
    "queueName": "StopFinalThreadGroup_task_queue",
    "sessionSecretKey": "sessionSecretKeyZant",
    "maxAge": 86400000,
    "heartbeatTimer": 1,
    "scriptLogPath": "C:/PerfAssure/GitLab/CIPTS_Node/server/logs/",
    "heartbeatLogFile": "stdout_heartbeat.log",
    "workerLogFile": "stdout_worker.log",
    "nodeAccessLogFile": "access.log",
    "nodeStdoutLogFile": "stdout.log",
    "logFileSize": "10M",
    "logFileInterval": "1d",
    "scrambled_serverURI": "ec2-3-6-132-13.ap-south-1.compute.amazonaws.com",
    "scrambled_port": "80",
    "scrambledSecretKey": "Zantmeter@123",
    "mongodocsFSPath": "C:/PerfAssure/GitLab/CIPTS_Node/mongodocs/",
    "PerfAssureUrl": "http://ec2-3-6-132-13.ap-south-1.compute.amazonaws.com",
    "email": "user2@cts.com",
    "password": "pass@123"
}