{
    "influxDBHost": "ec2-13-234-199-106.ap-south-1.compute.amazonaws.com",
    "influxDBUserName": "zantmeter",
    "influxDBPassword": "zantmeter@2019",
    "elasticsearchDBHost": "ec2-13-234-199-106.ap-south-1.compute.amazonaws.com",
    "elasticsearchDBUserName": "zantmeter",
    "elasticsearchDBPassword": "zantmeter@2019",
    "mongoDBURL": "mongodb://zantmeter:zantmeter2019@ec2-13-234-166-85.ap-south-1.compute.amazonaws.com/ZantmeterDB",
    "amiName": "ami-0938c4f63a46e2034",
    "amiImageName": "Zantmeter-WinLoadAgent18Jul2019",
    "lambdaAWSServer": "cp10gul8yg.execute-api.ap-south-1.amazonaws.com",
    "defaultRegionCode": "ap-south-1",
    "defaultInstanceType": "t2.medium",
    "defaultKeyName": "Zantmeter",
    "defaultSecurityGroup": "launch-wizard-6",
    "rServer": "ec2-13-234-163-116.ap-south-1.compute.amazonaws.com",
    "bcryptSecretKey": "secretKey",
    "tokenExpiryTime": 900000,
    "defaultUserPassword": "pass@123",
    "saltRounds": 10,
    "RabbitMQHost": "ec2-13-234-166-85.ap-south-1.compute.amazonaws.com",
    "RabbitMQUserName": "zantmeter",
    "RabbitMQPassword": "zantmeter2019",
    "queueName": "StopFinalThreadGroup_task_queue",
    "sessionSecretKey": "sessionSecretKeyZant",
    "maxAge": 900000,
    "heartbeatTimer": 15
}