{
    "mongoDBURL": "mongodb://cxperf:cxperf2020@localhost/CxPerfDB",
    "bcryptSecretKey": "secretKey",
    "tokenExpiryTime": "7d",
    "defaultUserPassword": "pass@123",
    "saltRounds": 10,
    "sessionSecretKey": "sessionSecretKeyZant",
    "maxAge": 86400000,
    "heartbeatTimer": 1,
    "scriptLogPath": "C:/PerfAssure/GitLab/PerfAssure_Node/server/logs/",
    "heartbeatLogFile": "stdout_heartbeat.log",
    "workerLogFile": "stdout_worker.log",
    "nodeAccessLogFile": "access.log",
    "nodeStdoutLogFile": "stdout.log",
    "logFileSize": "10M",
    "logFileInterval": "1d",
    "scrambled_serverURI": "localhost",
    "scrambled_port": "80",
    "scrambledSecretKey": "Zantmeter@123",
    "elasticsearchDBHost": "localhost",
    "actionControllerHost": "localhost",
    "tempftpPath": "C:/CxPerf/ftp/temp/",
    "ftpPath": "C:/CxPerf/ftp/",
    "assetsPath":"C:/PerfAssure/GitLab/CxPerf_Node/public/assets/HarFile/"
} 